<?xml version="1.0" encoding="windows-1251"?>
<root>
	<dir path="bin">
		<dir path="Debug">
			<file name="XMLProcessing.exe" />
			<file name="XMLProcessing.exe.config" />
			<file name="XMLProcessing.pdb" />
			<file name="XMLProcessing.vshost.exe" />
			<file name="XMLProcessing.vshost.exe.config" />
		</dir>
		<dir path="Release" />
	</dir>
	<dir path="obj">
		<dir path="Debug">
			<dir path="TempPE" />
			<file name="DesignTimeResolveAssemblyReferencesInput.cache" />
			<file name="TemporaryGeneratedFile_036C0B5B-1481-4323-8D20-8F5ADCB23D92.cs" />
			<file name="TemporaryGeneratedFile_5937a670-0e60-4077-877b-f7221da3dda1.cs" />
			<file name="TemporaryGeneratedFile_E7A71F73-0F8D-4B9B-B56E-8E70B10BC5D3.cs" />
			<file name="XMLProcessing.csproj.FileListAbsolute.txt" />
			<file name="XMLProcessing.csprojResolveAssemblyReference.cache" />
			<file name="XMLProcessing.exe" />
			<file name="XMLProcessing.pdb" />
		</dir>
	</dir>
	<dir path="Properties">
		<file name="AssemblyInfo.cs" />
	</dir>
	<file name="album.xml" />
	<file name="App.config" />
	<file name="catalogue.xml" />
	<file name="CatalogueXPath.cs" />
	<file name="deletedCatalogues.xml" />
	<file name="DOMParser.cs" />
	<file name="LINQManipulations.cs" />
	<file name="person.txt" />
	<file name="person.xml" />
	<file name="Start.cs" />
	<file name="xmlDocument.xml" />
	<file name="XMLProcessing.csproj" />
	<file name="XmlReaderFile.cs" />
</root>